"","id","title","latitude","longitude","pleiades","author","rank","latlong"
"1","50001","Abodiacum",47.91,10.91,"187242","Scheidel",6,"47.91:10.91"
"3","50005","Ad Aras",38.5,-0.5,"265766","Scheidel",6,"38.5:-0.5"
"4","50002","Ad fl. Tigrim",37.325,42.196,"874296","Scheidel",6,"37.325:42.196"
"5","50003","Ad Publicanos",45.667,6.387,"167618","Scheidel",6,"45.667:6.387"
"6","50006","Adramyttium",39.501,26.938,"550403","Scheidel",8,"39.501:26.938"
"7","50004","Ad Tricesimum",46.158,13.216,"187259","Scheidel",6,"46.158:13.216"
"8","50007","Aeclanum",41.043,14.994,"442451","Scheidel",8,"41.043:14.994"
"9","50008","Aelana",29.664,34.974,"746700","Scheidel",8,"29.664:34.974"
"10","50009","Aequum Tuticum",41.152,15.088,"442452","Scheidel",7,"41.152:15.088"
"11","50010","Aesernia",41.594,14.231,"432652","Scheidel",8,"41.594:14.231"
"12","50011","Aesuris",37.218,-7.445,"256008","Scheidel",7,"37.218:-7.445"
"13","50435","Aginnum",0,0,"no Pleiades ID yet","Scheidel",8,"0:0"
"15","50013","Aguntum",46.827,12.823,"187265","Scheidel",8,"46.827:12.823"
"17","50014","Ake-Ptolemais",32.922,35.077,"678010","Scheidel",8,"32.922:35.077"
"19","50015","Alba Fucens",42.08,13.412,"413005","Scheidel",8,"42.08:13.412"
"20","50016","Albulae",35.302,-1.145,"285412","Scheidel",7,"35.302:-1.145"
"22","50017","Alexandria",31.201,29.91,"727070","Scheidel",10,"31.201:29.91"
"23","50019","Alexandria Troas",39.761,26.153,"550434","Scheidel",8,"39.761:26.153"
"25","50020","Altinum",45.579,12.373,"393374","Scheidel",8,"45.579:12.373"
"26","50442","Amaseia",0,0,"no Pleiades ID yet","Scheidel",8,"0:0"
"27","50446","Amastris",0,0,"no Pleiades ID yet","Scheidel",8,"0:0"
"30","50021","Ammaedara",35.567,8.467,"no Pleiades ID yet","Scheidel",8,"35.567:8.467"
"35","50022","Ancona",43.616,13.519,"413014","Scheidel",9,"43.616:13.519"
"36","50023","Ancyra",39.972,32.801,"619103","Scheidel",9,"39.972:32.801"
"39","50024","Antiochia",36.202,36.158,"658381","Scheidel",10,"36.202:36.158"
"40","50026","Apamea",35.557,36.401,"668335","Scheidel",9,"35.557:36.401"
"41","50027","Apamea (Pisidia)",38.069,30.17,"638751","Scheidel",9,"38.069:30.17"
"42","50028","Aphroditopolis",29.408,31.252,"736889","Scheidel",8,"29.408:31.252"
"48","50030","Apulum",46.077,23.58,"206927","Scheidel",9,"46.077:23.58"
"49","50031","Aquae Sextiae",43.526,5.445,"148053","Scheidel",8,"43.526:5.445"
"50","50032","Aquae Sulis",51.381,-2.357,"79299/","Scheidel",7,"51.381:-2.357"
"51","50033","Aquae Terebellicae",43.733,-1.06,"no Pleiades ID yet","Scheidel",7,"43.733:-1.06"
"52","50034","Aquileia",45.768,13.365,"187290","Scheidel",9,"45.768:13.365"
"53","50035","Aquincum",47.564,19.05,"197130","Scheidel",9,"47.564:19.05"
"54","50012","Ara Agrippinensium",50.941,6.96,"108751","Scheidel",9,"50.941:6.96"
"55","50036","Arae Philaenorum",30.294,18.788,"363924","Scheidel",7,"30.294:18.788"
"56","50037","Arausio",44.138,4.81,"no Pleiades ID yet","Scheidel",8,"44.138:4.81"
"57","50039","Archelais",38.402,33.95,"619164","Scheidel",8,"38.402:33.95"
"58","50040","Arelate",43.677,4.628,"no Pleiades ID yet","Scheidel",9,"43.677:4.628"
"59","50041","Argentorate",48.583,7.744,"108754","Scheidel",8,"48.583:7.744"
"60","50042","Ariminum",44.059,12.563,"393379","Scheidel",8,"44.059:12.563"
"61","50043","Arretium",43.471,11.863,"413032","Scheidel",9,"43.471:11.863"
"62","50045","Arupium",44.849,15.269,"197143","Scheidel",7,"44.849:15.269"
"63","50046","Ascalon",31.67,34.546,"687839","Scheidel",9,"31.67:34.546"
"64","50047","Asculum",42.855,13.575,"413036","Scheidel",9,"42.855:13.575"
"65","50048","Asturica",42.459,-6.064,"236352","Scheidel",9,"42.459:-6.064"
"67","50049","Aternum",42.465,14.214,"413039","Scheidel",8,"42.465:14.214"
"68","50050","Athenae",38.032,23.655,"579885","Scheidel",9,"38.032:23.655"
"71","50447","Attalea",0,0,"no Pleiades ID yet","Scheidel",8,"0:0"
"72","50051","Aufidena",41.336,16.194,"442484","Scheidel",6,"41.336:16.194"
"73","50052","Augusta Praetoria",45.737,7.314,"383579","Scheidel",8,"45.737:7.314"
"74","50053","Augusta Raurica",47.533,7.722,"177494","Scheidel",8,"47.533:7.722"
"75","50054","Augusta Suessionum",49.381,3.326,"108772","Scheidel",7,"49.381:3.326"
"76","50055","Augusta Taurinorum",45.07,7.687,"383580","Scheidel",8,"45.07:7.687"
"77","50124","Augusta Treverorum",49.754,6.646,"108894","Scheidel",9,"49.754:6.646"
"78","50056","Augusta Vindelicum",48.365,10.895,"118580","Scheidel",9,"48.365:10.895"
"79","50057","Augustobona",48.297,4.075,"108775","Scheidel",7,"48.297:4.075"
"80","50058","Augustobriga",39.807,-5.676,"256001","Scheidel",7,"39.807:-5.676"
"81","50059","Augustodunum",46.949,4.299,"177460","Scheidel",8,"46.949:4.299"
"82","50444","Augustonemetum",0,0,"no Pleiades ID yet","Scheidel",8,"0:0"
"83","50445","Augustoritum",0,0,"no Pleiades ID yet","Scheidel",8,"0:0"
"86","50060","Auzia",36.143,3.693,"295221","Scheidel",8,"36.143:3.693"
"87","50061","Avaricum",47.083,2.397,"138207","Scheidel",9,"47.083:2.397"
"88","50062","Aventicum",46.88,7.041,"177495","Scheidel",8,"46.88:7.041"
"90","50063","Bagacum",50.297,3.792,"108788","Scheidel",7,"50.297:3.792"
"91","50064","Banasa",34.602,-6.115,"275599","Scheidel",8,"34.602:-6.115"
"92","50065","Barcino",41.388,2.17,"246343","Scheidel",9,"41.388:2.17"
"94","50066","Barium",41.129,16.87,"442500","Scheidel",7,"41.129:16.87"
"95","50067","Batnae",36.976,38.424,"658405","Scheidel",8,"36.976:38.424"
"96","50068","Beneharnum",43.333,-0.435,"246237","Scheidel",7,"43.333:-0.435"
"97","50069","Beneventum",41.13,14.781,"432721","Scheidel",9,"41.13:14.781"
"98","50070","Berenice",23.91,35.474,"no Pleiades ID yet","Scheidel",8,"23.91:35.474"
"99","50072","Beroia",36.203,37.149,"658409","Scheidel",8,"36.203:37.149"
"100","50073","Berytus",33.899,35.521,"678060","Scheidel",9,"33.899:35.521"
"101","50075","Bilbilis",41.382,-1.603,"246247","Scheidel",8,"41.382:-1.603"
"103","50077","Bonna",50.733,7.096,"108818","Scheidel",8,"50.733:7.096"
"104","50078","Bononia",44.495,11.349,"393421","Scheidel",8,"44.495:11.349"
"105","50079","Bononia (Moesia)",43.993,22.876,"206975","Scheidel",8,"43.993:22.876"
"106","50080","Bostra",32.518,36.484,"678073","Scheidel",9,"32.518:36.484"
"107","50432","Boubastis",0,0,"no Pleiades ID yet","Scheidel",7,"0:0"
"108","50081","Bovianum",41.487,14.474,"432725","Scheidel",8,"41.487:14.474"
"109","50082","Bracara Augusta",41.552,-8.423,"236377","Scheidel",9,"41.552:-8.423"
"110","50083","Brigantium",47.503,9.747,"187325","Scheidel",7,"47.503:9.747"
"111","50085","Brigetio",47.735,18.17,"197180","Scheidel",8,"47.735:18.17"
"112","50086","Brundisium",40.636,17.939,"442509","Scheidel",8,"40.636:17.939"
"114","50087","Bulla Regia",36.556,8.751,"314912","Scheidel",8,"36.556:8.751"
"115","50088","Burdigala",44.837,-0.577,"138248","Scheidel",9,"44.837:-0.577"
"116","50089","Burnum",44.032,15.994,"197184","Scheidel",8,"44.032:15.994"
"117","50090","Burrio",51.704,-2.903,"79360/","Scheidel",8,"51.704:-2.903"
"119","50091","Cabilonnum",46.784,4.853,"177485","Scheidel",7,"46.784:4.853"
"120","50092","Caeciliana",36.654,38.113,"658418","Scheidel",7,"36.654:38.113"
"121","50093","Caesaraugusta",41.675,-0.889,"246344","Scheidel",9,"41.675:-0.889"
"122","50095","Caesarea (Cappadocia)",38.722,35.328,"629034","Scheidel",9,"38.722:35.328"
"123","50094","Caesarea Maritima",32.5,34.9,"no Pleiades ID yet","Scheidel",8,"32.5:34.9"
"124","50025","Caesarea (Phrygia)",38.304,31.19,"609307","Scheidel",9,"38.304:31.19"
"125","50096","Caesarodunum",47.389,0.688,"138255","Scheidel",8,"47.389:0.688"
"126","50097","Calagurris",42.304,-1.965,"246279","Scheidel",8,"42.304:-1.965"
"127","50098","Calleva",51.354,-1.101,"79368/","Scheidel",8,"51.354:-1.101"
"129","50099","Cambete",47.691,7.504,"177486","Scheidel",6,"47.691:7.504"
"130","50100","Cambodunum",47.727,10.327,"187335","Scheidel",8,"47.727:10.327"
"131","50101","Camulodunum",51.892,0.898,"no Pleiades ID yet","Scheidel",8,"51.892:0.898"
"132","50102","Canusium",41.222,16.066,"442525","Scheidel",8,"41.222:16.066"
"133","50103","Capsa",34.413,8.79,"324684","Scheidel",8,"34.413:8.79"
"134","50104","Capua",41.086,14.25,"432754","Scheidel",9,"41.086:14.25"
"137","50105","Carnuntum",48.113,16.868,"128376","Scheidel",8,"48.113:16.868"
"138","50106","Carrhae",36.866,39.029,"658427","Scheidel",8,"36.866:39.029"
"139","50107","Carthago",36.847,10.313,"314921","Scheidel",10,"36.847:10.313"
"140","50108","Carthago Nova",37.606,-0.991,"265849","Scheidel",9,"37.606:-0.991"
"141","50109","Casinum",41.493,13.831,"432764","Scheidel",9,"41.493:13.831"
"142","50325","Castra Regina",49.017,12.083,"no Pleiades ID yet","Scheidel",8,"49.017:12.083"
"143","50110","Castrum Truentinum",42.914,13.904,"413074","Scheidel",8,"42.914:13.904"
"144","50111","Castulo",38.038,-3.624,"265855","Scheidel",8,"38.038:-3.624"
"145","50112","Catabathmus Maior",31.563,25.16,"716540","Scheidel",8,"31.563:25.16"
"146","50113","Caudium",41.064,14.641,"432773","Scheidel",8,"41.064:14.641"
"148","50114","Celeia",46.22,15.272,"197206","Scheidel",8,"46.22:15.272"
"149","50115","Cenabum",47.9,1.903,"138281","Scheidel",8,"47.9:1.903"
"153","50116","Cetium",48.205,15.623,"118629","Scheidel",7,"48.205:15.623"
"154","50117","Chalcedon",40.983,29.026,"520988","Scheidel",8,"40.983:29.026"
"160","50118","Cibalae",45.291,18.801,"197207","Scheidel",8,"45.291:18.801"
"161","50436","Cibyra",0,0,"no Pleiades ID yet","Scheidel",8,"0:0"
"163","50119","Circesium",35.243,40.379,"893974","Scheidel",9,"35.243:40.379"
"164","50120","Cirta",36.368,6.614,"305064","Scheidel",9,"36.368:6.614"
"165","50121","Civitas Namnetum",47.215,-1.557,"138298","Scheidel",7,"47.215:-1.557"
"166","50029","Claudia Aprensis",40.969,27.065,"511153","Scheidel",9,"40.969:27.065"
"167","50076","Claudiopolis",40.756,31.586,"844879","Scheidel",8,"40.756:31.586"
"169","50122","Clusium",43.017,11.948,"413096","Scheidel",9,"43.017:11.948"
"170","50123","Clysma",29.959,32.568,"727101","Scheidel",8,"29.959:32.568"
"173","50126","Comana",38.332,36.323,"628959","Scheidel",8,"38.332:36.323"
"174","50127","Comum",45.812,9.086,"383627","Scheidel",8,"45.812:9.086"
"177","50128","Conimbriga",40.194,-8.408,"236443","Scheidel",8,"40.194:-8.408"
"178","50129","Constantinopolis",41.125,28.875,"520998","Scheidel",10,"41.125:28.875"
"179","50130","Coptos",25.977,32.798,"786010","Scheidel",10,"25.977:32.798"
"181","50131","Corduba",37.885,-4.779,"256128","Scheidel",10,"37.885:-4.779"
"182","50132","Corfinium",42.124,13.842,"413105","Scheidel",8,"42.124:13.842"
"184","50133","Coriosopitum",54.978,-2.029,"89152/","Scheidel",7,"54.978:-2.029"
"187","50134","Cosa",42.407,11.289,"413107","Scheidel",8,"42.407:11.289"
"189","50135","Cuicul",36.315,5.738,"305068","Scheidel",8,"36.315:5.738"
"190","50136","Cumae",40.847,14.056,"432808","Scheidel",8,"40.847:14.056"
"191","50137","Curia",46.849,9.531,"187357","Scheidel",7,"46.849:9.531"
"192","50138","Cyrene",32.823,21.857,"373778","Scheidel",9,"32.823:21.857"
"193","50139","Cyrrhus",36.735,36.949,"658446","Scheidel",8,"36.735:36.949"
"196","50140","Damascus",33.512,36.309,"678106","Scheidel",9,"33.512:36.309"
"197","50141","Darnis",32.769,22.642,"373780","Scheidel",8,"32.769:22.642"
"198","50142","Decetia",46.828,3.461,"138326","Scheidel",7,"46.828:3.461"
"200","50143","Delphi",38.482,22.498,"540726","Scheidel",8,"38.482:22.498"
"202","50144","Dertona",44.897,8.865,"383633","Scheidel",8,"44.897:8.865"
"203","50145","Dertosa",40.811,0.521,"246369","Scheidel",8,"40.811:0.521"
"205","50146","Deultum",42.445,27.367,"216788","Scheidel",8,"42.445:27.367"
"206","50147","Deva",53.191,-2.895,"79420/","Scheidel",8,"53.191:-2.895"
"207","50148","Diana Veteranorum",35.694,6.189,"334536","Scheidel",8,"35.694:6.189"
"208","50450","Dianium",0,0,"no Pleiades ID yet","Scheidel",8,"0:0"
"209","50149","Dierna",44.725,22.396,"207078","Scheidel",8,"44.725:22.396"
"212","50151","Doclea",42.5,18.5,"481808","Scheidel",8,"42.5:18.5"
"213","50152","Domavium",44.144,19.363,"207088","Scheidel",8,"44.144:19.363"
"215","50153","Dorylaion",39.775,30.517,"609367","Scheidel",8,"39.775:30.517"
"216","50154","Drobeta",44.636,22.66,"207100","Scheidel",8,"44.636:22.66"
"217","50155","Dura",34.747,40.73,"copy_o","Scheidel",8,"34.747:40.73"
"218","50156","Durnonovaria",50.711,-2.434,"79431/","Scheidel",8,"50.711:-2.434"
"219","50157","Durocortorum",49.254,4.033,"108945","Scheidel",8,"49.254:4.033"
"220","50158","Durostorum",44.117,27.261,"216800","Scheidel",8,"44.117:27.261"
"221","50159","Dyrrhachium",41.316,19.45,"481818","Scheidel",9,"41.316:19.45"
"222","50160","Eburacum",53.958,-1.082,"89175/","Scheidel",9,"53.958:-1.082"
"223","50448","Ebusus",0,0,"no Pleiades ID yet","Scheidel",8,"0:0"
"224","50161","Edessa",37.176,38.776,"658457","Scheidel",9,"37.176:38.776"
"225","50162","Eleusis",38.046,23.544,"579920","Scheidel",8,"38.046:23.544"
"226","50074","Eleutheropolis",31.621,34.888,"687854","Scheidel",9,"31.621:34.888"
"227","50163","Emerita Augusta",38.916,-6.346,"256155","Scheidel",9,"38.916:-6.346"
"228","50164","Emesa",34.85,36.74,"668261","Scheidel",8,"34.85:36.74"
"229","50165","Emmaus",31.839,34.989,"687891","Scheidel",8,"31.839:34.989"
"230","50166","Emona",46.051,14.506,"197258","Scheidel",8,"46.051:14.506"
"231","50167","Emporiae",42.132,3.109,"246382","Scheidel",8,"42.132:3.109"
"232","50168","Endidae",46.318,11.274,"187368","Scheidel",6,"46.318:11.274"
"233","50169","Ephesus",37.94,27.341,"599612","Scheidel",10,"37.94:27.341"
"235","50170","Epiphaneia",35.14,36.74,"658556","Scheidel",8,"35.14:36.74"
"237","50171","Fanum Fortunae",43.845,13.017,"413129","Scheidel",8,"43.845:13.017"
"238","50172","Faventia",44.286,11.884,"393420","Scheidel",7,"44.286:11.884"
"239","50173","Ferentinum",41.693,13.253,"432830","Scheidel",8,"41.693:13.253"
"240","50219","Flaviopolis",40.812,32.165,"844991","Scheidel",7,"40.812:32.165"
"241","50084","Flavium Brigantium",43.371,-8.396,"236465","Scheidel",7,"43.371:-8.396"
"242","50174","Florentia",43.769,11.257,"413138","Scheidel",8,"43.769:11.257"
"243","50175","Formiae",41.256,13.606,"432839","Scheidel",8,"41.256:13.606"
"245","50176","Forum Iulii",43.432,6.735,"157836","Scheidel",8,"43.432:6.735"
"247","50177","Fregellanum",41.546,13.513,"432847","Scheidel",6,"41.546:13.513"
"248","50178","Gadara",32.022,35.717,"697665","Scheidel",8,"32.022:35.717"
"249","50179","Gades",36.53,-6.292,"256177","Scheidel",9,"36.53:-6.292"
"250","50180","Galacum",54.172,-2.59,"89215/","Scheidel",6,"54.172:-2.59"
"254","50181","Gaza",31.511,34.458,"687902","Scheidel",9,"31.511:34.458"
"255","50182","Genava",46.203,6.139,"177528","Scheidel",7,"46.203:6.139"
"256","50183","Genua",44.407,8.934,"383664","Scheidel",7,"44.407:8.934"
"258","50184","Germa",39.511,31.616,"609351","Scheidel",9,"39.511:31.616"
"259","50185","Gesoriacum",50.725,1.615,"109008","Scheidel",7,"50.725:1.615"
"260","50186","Glevum",51.875,-2.264,"no Pleiades ID yet","Scheidel",8,"51.875:-2.264"
"263","50187","Hadrianoupolis",41.684,26.567,"no Pleiades ID yet","Scheidel",6,"41.684:26.567"
"264","50188","Hadrumetum",35.826,10.639,"324716","Scheidel",9,"35.826:10.639"
"266","50189","Heliopolis",30.132,31.285,"727117","Scheidel",8,"30.132:31.285"
"267","50190","Heliopolis (Baalbek)",34.015,36.203,"no Pleiades ID yet","Scheidel",9,"34.015:36.203"
"269","50430","Heraclea Pontica",41.283,31.419,"844944","Scheidel",9,"41.283:31.419"
"271","50191","Heraklea",41.032,21.336,"481861","Scheidel",8,"41.032:21.336"
"272","50192","Herakleopolis",29.086,30.938,"736920","Scheidel",8,"29.086:30.938"
"273","50193","Herdoniae",41.317,15.628,"442613","Scheidel",7,"41.317:15.628"
"274","50194","Hermopolis Magna",27.778,30.804,"756574","Scheidel",9,"27.778:30.804"
"275","50195","Hibis",25.438,30.553,"776181","Scheidel",8,"25.438:30.553"
"276","50196","Hierakonpolis",31.038,30.347,"727126","Scheidel",7,"31.038:30.347"
"277","50197","Hierasykaminos",23.069,32.683,"795815","Scheidel",7,"23.069:32.683"
"278","50198","Hippo Regius",36.884,7.755,"305090","Scheidel",9,"36.884:7.755"
"279","50199","Hispalis",37.383,-5.996,"256210","Scheidel",9,"37.383:-5.996"
"280","50200","Histria",44.645,28.769,"216839","Scheidel",8,"44.645:28.769"
"283","50201","Iader",44.115,15.229,"197312","Scheidel",8,"44.115:15.229"
"286","50202","Iconium",37.847,32.516,"648647","Scheidel",8,"37.847:32.516"
"288","50203","Ilerda",41.614,0.626,"246431","Scheidel",8,"41.614:0.626"
"289","50204","Ilium",39.949,26.344,"550595","Scheidel",8,"39.949:26.344"
"292","50205","Interpromium",42.244,13.934,"413182","Scheidel",7,"42.244:13.934"
"293","50206","Iol Caesarea",36.607,2.197,"295279","Scheidel",9,"36.607:2.197"
"296","50207","Isca",50.5,-3.5,"79531/","Scheidel",8,"50.5:-3.5"
"298","50208","Italica",37.444,-6.047,"256231","Scheidel",8,"37.444:-6.047"
"299","50209","Iulia Concordia",45.757,12.844,"393441","Scheidel",8,"45.757:12.844"
"302","50210","Iuliomagus",47.469,-0.549,"138400","Scheidel",8,"47.469:-0.549"
"303","50211","Iulium Carnicum",46.461,13.026,"187430","Scheidel",7,"46.461:13.026"
"304","50212","Iuvavum",47.801,13.044,"187432","Scheidel",8,"47.801:13.044"
"305","50213","Jerusalem",31.777,35.234,"687928","Scheidel",10,"31.777:35.234"
"307","50214","Kallipolis",40.41,26.684,"501450","Scheidel",6,"40.41:26.684"
"310","50215","Kapitolias",32.598,35.858,"678224","Scheidel",7,"32.598:35.858"
"313","50216","Katabolos",36.908,35.989,"658506","Scheidel",7,"36.908:35.989"
"315","50217","Kellis",25.549,28.908,"776189","Scheidel",8,"25.549:28.908"
"321","50218","Klaudianon",26.799,33.486,"766375","Scheidel",8,"26.799:33.486"
"329","50220","Lacobriga",42.339,-4.602,"236501","Scheidel",7,"42.339:-4.602"
"330","50221","Lamasba",35.629,5.911,"334569","Scheidel",8,"35.629:5.911"
"331","50222","Lambaesis",35.492,6.256,"334570","Scheidel",9,"35.492:6.256"
"333","50223","Lampsacus",40.347,26.699,"501570","Scheidel",8,"40.347:26.699"
"334","50224","Lancia",42.534,-5.414,"236505","Scheidel",8,"42.534:-5.414"
"335","50225","Laodicea",35.641,35.794,"668290","Scheidel",8,"35.641:35.794"
"336","50431","Laodicea ad Lycum",37.855,29.136,"638955","Scheidel",9,"37.855:29.136"
"338","50226","Larinum",41.807,14.919,"442629","Scheidel",8,"41.807:14.919"
"339","50227","Larissa",39.633,22.424,"540905","Scheidel",9,"39.633:22.424"
"341","50228","Lauriacum",48.221,14.466,"118802","Scheidel",8,"48.221:14.466"
"343","50229","Legio VII",42.606,-5.57,"no Pleiades ID yet","Scheidel",7,"42.606:-5.57"
"344","50230","Lepcis Magna",32.637,14.292,"344448","Scheidel",10,"32.637:14.292"
"348","50231","Limonum",46.587,0.343,"138422","Scheidel",8,"46.587:0.343"
"349","50232","Lindum",53.25,-0.559,"no Pleiades ID yet","Scheidel",8,"53.25:-0.559"
"351","50233","Lixus",35.199,-6.11,"275666","Scheidel",8,"35.199:-6.11"
"352","50234","Loium",49.523,0.724,"109120","Scheidel",6,"49.523:0.724"
"354","50235","Londinium",51.513,-0.089,"79574/","Scheidel",10,"51.513:-0.089"
"355","50236","Lousonna",46.519,6.632,"177565","Scheidel",6,"46.519:6.632"
"356","50237","Luca",43.843,10.508,"403234","Scheidel",9,"43.843:10.508"
"357","50429","Lugdunum",45.759,4.819,"167717","Scheidel",10,"45.759:4.819"
"358","50238","Lugdunum Cananefatium",52.161,4.49,"99003/","Scheidel",7,"52.161:4.49"
"359","50239","Lugdunum Convenarum",43.027,0.573,"246477","Scheidel",8,"43.027:0.573"
"360","50240","Luguvalium",54.895,-2.934,"89234/","Scheidel",8,"54.895:-2.934"
"361","50241","Luna",44.066,10.031,"403235","Scheidel",9,"44.066:10.031"
"362","50242","Lutetia",48.856,2.342,"109126","Scheidel",7,"48.856:2.342"
"363","50243","Lydda",31.966,34.892,"687953","Scheidel",9,"31.966:34.892"
"364","50244","Lykopolis",27.184,31.187,"756593","Scheidel",8,"27.184:31.187"
"365","50245","Magnesia",37.853,27.533,"599778","Scheidel",8,"37.853:27.533"
"369","50246","Mampsoukrenai",37.073,34.886,"648704","Scheidel",6,"37.073:34.886"
"370","50249","Mamucio",53.481,-2.342,"no Pleiades ID yet","Scheidel",7,"53.481:-2.342"
"371","50247","Marcianopolis",43.225,27.585,"216878","Scheidel",9,"43.225:27.585"
"372","50248","Mariana",38.547,-2.927,"265965","Scheidel",7,"38.547:-2.927"
"374","50250","Massilia",43.297,5.382,"148127","Scheidel",8,"43.297:5.382"
"375","50251","Mediolanum",45.464,9.188,"383706","Scheidel",10,"45.464:9.188"
"376","50252","Mediolanum (Aquitania)",45.5,-0.5,"138458","Scheidel",8,"45.5:-0.5"
"378","50253","Melitene",38.25,37.25,"629039","Scheidel",9,"38.25:37.25"
"379","50254","Memphis",30.004,31.276,"736963","Scheidel",9,"30.004:31.276"
"385","50255","Minturnae",41.242,13.769,"432940","Scheidel",9,"41.242:13.769"
"386","50256","Misenum",40.786,14.085,"432941","Scheidel",8,"40.786:14.085"
"387","50257","Mogontiacum",50,8.271,"no Pleiades ID yet","Scheidel",9,"50:8.271"
"390","50258","Mounesis",24.684,30.606,"776216","Scheidel",7,"24.684:30.606"
"393","50259","Mursa",45.56,18.676,"197389","Scheidel",8,"45.56:18.676"
"394","50260","Musti",36.336,9.143,"315085","Scheidel",8,"36.336:9.143"
"395","50261","Mutina",44.647,10.925,"383715","Scheidel",8,"44.647:10.925"
"398","50262","Myos Hormos",26.157,34.244,"786069","Scheidel",7,"26.157:34.244"
"399","50439","Myra",0,0,"no Pleiades ID yet","Scheidel",8,"0:0"
"402","50263","Naissus",43.316,21.894,"207303","Scheidel",9,"43.316:21.894"
"403","50264","Narbo",43.214,3,"no Pleiades ID yet","Scheidel",9,"43.214:3"
"404","50265","Narnia",42.52,12.516,"413225","Scheidel",8,"42.52:12.516"
"405","50266","Narona",43.081,17.628,"197400","Scheidel",8,"43.081:17.628"
"406","50267","Naucratis",30.901,30.592,"727169","Scheidel",8,"30.901:30.592"
"409","50268","Neapolis",40.84,14.253,"433014","Scheidel",9,"40.84:14.253"
"411","50269","Nemausus",43.835,4.36,"148142","Scheidel",8,"43.835:4.36"
"412","50270","Nemetacum",50.293,2.782,"109194","Scheidel",7,"50.293:2.782"
"413","50271","Nicaea",40.43,29.714,"511268","Scheidel",9,"40.43:29.714"
"414","50272","Nicomedia",40.766,29.916,"511337","Scheidel",9,"40.766:29.916"
"415","50273","Nicopolis",39.008,20.736,"531013","Scheidel",8,"39.008:20.736"
"416","50274","Nicopolis (Pontus)",40.161,38.139,"857248","Scheidel",8,"40.161:38.139"
"417","50275","Nisibis",37.067,41.216,"874623","Scheidel",8,"37.067:41.216"
"419","50276","Novae",43.601,25.396,"216899","Scheidel",8,"43.601:25.396"
"420","50277","Noviomagus",49.317,8.431,"109224","Scheidel",7,"49.317:8.431"
"421","50278","Nuceria",40.743,14.674,"432985","Scheidel",8,"40.743:14.674"
"423","50279","Ocriculum",42.412,12.467,"413231","Scheidel",8,"42.412:12.467"
"424","50280","Odessus",43.212,27.909,"216904","Scheidel",8,"43.212:27.909"
"425","50281","Oea",32.898,13.175,"344456","Scheidel",9,"32.898:13.175"
"426","50282","Oescus",43.698,24.482,"216907","Scheidel",8,"43.698:24.482"
"427","50451","Olbia",0,0,"no Pleiades ID yet","Scheidel",8,"0:0"
"429","50283","Olisipo",38.707,-9.136,"256338","Scheidel",8,"38.707:-9.136"
"430","50284","Omboi",24.467,32.95,"no Pleiades ID yet","Scheidel",8,"24.467:32.95"
"431","50285","Osca",42.14,-0.409,"246539","Scheidel",8,"42.14:-0.409"
"432","50286","Ostia/Portus",41.755,12.288,"422995","Scheidel",9,"41.755:12.288"
"433","50287","Ovilava",48.157,14.025,"118901","Scheidel",8,"48.157:14.025"
"434","50288","Oxyrhynchus",28.673,30.626,"736983","Scheidel",8,"28.673:30.626"
"435","50289","Palantia",42.475,-5.297,"236590","Scheidel",6,"42.475:-5.297"
"438","50290","Palmyra",34.768,38.286,"668331","Scheidel",9,"34.768:38.286"
"441","50452","Paphos",0,0,"no Pleiades ID yet","Scheidel",9,"0:0"
"442","50291","Paraetonium",31.35,27.237,"716615","Scheidel",8,"31.35:27.237"
"444","50292","Parma",44.804,10.333,"383737","Scheidel",8,"44.804:10.333"
"446","50293","Parthanum",47.492,11.086,"187505","Scheidel",6,"47.492:11.086"
"447","50440","Patara",0,0,"no Pleiades ID yet","Scheidel",8,"0:0"
"448","50294","Patavium",45.41,11.877,"393473","Scheidel",9,"45.41:11.877"
"451","50295","Pax Iulia",38.016,-7.865,"256358","Scheidel",9,"38.016:-7.865"
"453","50296","Pella",40.76,22.526,"491687","Scheidel",8,"40.76:22.526"
"454","50297","Pelusium",31.05,32.6,"727192","Scheidel",9,"31.05:32.6"
"455","50298","Penne Locos",46.398,6.926,"177602","Scheidel",6,"46.398:6.926"
"456","50299","Perdices",35.932,5.39,"334608","Scheidel",7,"35.932:5.39"
"457","50300","Pergamum",39.131,27.185,"550812","Scheidel",9,"39.131:27.185"
"458","50437","Perge",0,0,"no Pleiades ID yet","Scheidel",9,"0:0"
"459","50301","Perinthus",40.971,27.953,"511357","Scheidel",8,"40.971:27.953"
"460","50302","Petra",30.326,35.468,"697725","Scheidel",9,"30.326:35.468"
"463","50303","Petuaria",53.688,-0.591,"79639/","Scheidel",7,"53.688:-0.591"
"464","50438","Phaselis",0,0,"no Pleiades ID yet","Scheidel",8,"0:0"
"466","50443","Phiara",0,0,"no Pleiades ID yet","Scheidel",6,"0:0"
"467","50304","Philadelpheia",31.931,35.926,"697728","Scheidel",9,"31.931:35.926"
"468","50305","Philippi",41.014,24.283,"501482","Scheidel",8,"41.014:24.283"
"469","50306","Philippopolis",42.144,24.75,"216927","Scheidel",9,"42.144:24.75"
"471","50307","Pisae",43.716,10.397,"403253","Scheidel",9,"43.716:10.397"
"472","50308","Pistoriae",43.932,10.919,"403254","Scheidel",8,"43.932:10.919"
"473","50309","Placentia",45.052,9.699,"383741","Scheidel",9,"45.052:9.699"
"475","50310","Poetovio",46.42,15.87,"197446","Scheidel",8,"46.42:15.87"
"476","50311","Pola",44.87,13.841,"197448","Scheidel",8,"44.87:13.841"
"477","50312","Pompeii",40.749,14.485,"433032","Scheidel",8,"40.749:14.485"
"478","50313","Pompelo",42.818,-1.644,"246567","Scheidel",7,"42.818:-1.644"
"479","50314","Pons Aeni",47.856,12.124,"187516","Scheidel",7,"47.856:12.124"
"480","50315","Pons Drusi",46.497,11.358,"187518","Scheidel",6,"46.497:11.358"
"482","50316","Porolissum",47.23,23.127,"207361","Scheidel",8,"47.23:23.127"
"485","50456","Portus Pachyni",0,0,"no Pleiades ID yet","Scheidel",7,"0:0"
"486","50318","Potaissa",46.566,23.791,"207362","Scheidel",8,"46.566:23.791"
"488","50319","Praetorium",31.5,15.5,"364003","Scheidel",7,"31.5:15.5"
"491","50320","Ptolemais",32.708,20.951,"373879","Scheidel",9,"32.708:20.951"
"492","50321","Ptolemais Hermiou",26.478,31.804,"756635","Scheidel",8,"26.478:31.804"
"493","50322","Puteoli",40.824,14.122,"432815","Scheidel",9,"40.824:14.122"
"497","50323","Ravenna",44.416,12.197,"393480","Scheidel",9,"44.416:12.197"
"498","50324","Reate",42.403,12.861,"413283","Scheidel",8,"42.403:12.861"
"499","50326","Regium",38.109,15.644,"452416","Scheidel",8,"38.109:15.644"
"501","50327","Roma",41.892,12.486,"423025","Scheidel",10,"41.892:12.486"
"503","50328","Rusaddir",35.292,-2.938,"285512","Scheidel",8,"35.292:-2.938"
"504","50329","Rusicade",36.883,6.906,"305137","Scheidel",8,"36.883:6.906"
"505","50330","Rutupiae",51.294,1.332,"79664/","Scheidel",7,"51.294:1.332"
"506","50331","Sabratha",32.806,12.485,"344282","Scheidel",9,"32.806:12.485"
"507","50332","Saguntum",39.68,-0.279,"266021","Scheidel",8,"39.68:-0.279"
"508","50333","Sala",34.015,-6.833,"275696","Scheidel",8,"34.015:-6.833"
"509","50453","Salamis",0,0,"no Pleiades ID yet","Scheidel",9,"0:0"
"511","50334","Saldae",36.74,5.058,"305142","Scheidel",8,"36.74:5.058"
"512","50335","Salernum",40.678,14.766,"433075","Scheidel",8,"40.678:14.766"
"515","50336","Salona",43.54,16.483,"197488","Scheidel",9,"43.54:16.483"
"517","50337","Samarobriva",49.892,2.299,"no Pleiades ID yet","Scheidel",7,"49.892:2.299"
"520","50338","Samosata",37.565,38.471,"658587","Scheidel",9,"37.565:38.471"
"521","50339","Santicum",46.616,13.849,"187537","Scheidel",7,"46.616:13.849"
"522","50340","Sardis",38.488,28.04,"550867","Scheidel",9,"38.488:28.04"
"523","50341","Sarmizegethusa",45.623,23.31,"no Pleiades ID yet","Scheidel",8,"45.623:23.31"
"524","50342","Satala",40.029,39.654,"874684","Scheidel",8,"40.029:39.654"
"525","50343","Savaria",47.235,16.622,"197498","Scheidel",8,"47.235:16.622"
"526","50344","Scarbantia",47.685,16.583,"197501","Scheidel",8,"47.685:16.583"
"527","50345","Scodra",42.074,19.528,"481986","Scheidel",8,"42.074:19.528"
"528","50346","Scythopolis",32.61,35.477,"678378","Scheidel",9,"32.61:35.477"
"529","50347","Sebasteia",39.75,37.015,"629075","Scheidel",9,"39.75:37.015"
"531","50348","Segusio",45.138,7.048,"167919","Scheidel",7,"45.138:7.048"
"532","50454","Seleukeia Pieria",0,0,"no Pleiades ID yet","Scheidel",9,"0:0"
"535","50349","Senia",44.99,14.901,"197505","Scheidel",8,"44.99:14.901"
"536","50350","Serdica",42.723,23.343,"207439","Scheidel",9,"42.723:23.343"
"537","50351","Servitium",45.151,17.256,"197509","Scheidel",7,"45.151:17.256"
"539","50352","Sicca Veneria",36.179,8.71,"315152","Scheidel",8,"36.179:8.71"
"540","50353","Side",36.776,31.398,"639105","Scheidel",9,"36.776:31.398"
"541","50354","Siga",35.24,-1.455,"285521","Scheidel",8,"35.24:-1.455"
"543","50355","Singara",36.404,42.219,"874699","Scheidel",9,"36.404:42.219"
"544","50356","Singidunum",44.802,20.466,"207443","Scheidel",9,"44.802:20.466"
"546","50357","Sinuessa",41.25,14.25,"433122","Scheidel",8,"41.25:14.25"
"548","50358","Sipontum",41.607,15.896,"442797","Scheidel",8,"41.607:15.896"
"549","50359","Sirmium",44.966,19.61,"207447","Scheidel",9,"44.966:19.61"
"550","50360","Sisapo",38.645,-4.518,"266043","Scheidel",7,"38.645:-4.518"
"551","50361","Siscia",45.483,16.371,"197504","Scheidel",9,"45.483:16.371"
"552","50362","Sitifis",36.237,5.41,"305153","Scheidel",9,"36.237:5.41"
"554","50363","Smyrna",38.25,27.25,"550893","Scheidel",9,"38.25:27.25"
"556","50364","Soura",35.864,38.914,"668376","Scheidel",7,"35.864:38.914"
"557","50365","Spinis",51.412,-1.344,"79692/","Scheidel",6,"51.412:-1.344"
"558","50366","Spoletium",42.745,12.738,"413320","Scheidel",9,"42.745:12.738"
"559","50367","Stobi",41.531,21.978,"491731","Scheidel",8,"41.531:21.978"
"560","50368","Sufasar",36.192,2.515,"295346","Scheidel",8,"36.192:2.515"
"561","50369","Sufetula",35.239,9.121,"324816","Scheidel",8,"35.239:9.121"
"562","50370","Summuntorium",48.646,10.826,"118986","Scheidel",7,"48.646:10.826"
"563","50372","Summus Pyreneus (East)",42.758,-0.828,"246672","Scheidel",6,"42.758:-0.828"
"564","50371","Summus Pyreneus (West)",43.02,-1.324,"246671","Scheidel",6,"43.02:-1.324"
"565","50373","Syene",24.096,32.905,"786123","Scheidel",8,"24.096:32.905"
"566","50455","Syracusae",0,0,"no Pleiades ID yet","Scheidel",9,"0:0"
"568","50376","Tabia",39.889,34.448,"619267","Scheidel",8,"39.889:34.448"
"569","50374","Tacape",33.883,10.099,"no Pleiades ID yet","Scheidel",9,"33.883:10.099"
"571","50375","Taliata",44.444,22.144,"207485","Scheidel",7,"44.444:22.144"
"573","50377","Tarentum",40.469,17.24,"442810","Scheidel",9,"40.469:17.24"
"574","50378","Tarracina",41.291,13.249,"433143","Scheidel",9,"41.291:13.249"
"575","50379","Tarraco",41.12,1.251,"no Pleiades ID yet","Scheidel",10,"41.12:1.251"
"576","50380","Tarsus",36.916,34.901,"648789","Scheidel",9,"36.916:34.901"
"577","50381","Teanum",41.255,14.056,"no Pleiades ID yet","Scheidel",8,"41.255:14.056"
"581","50382","Terenouthis",30.432,30.816,"727244","Scheidel",7,"30.432:30.816"
"582","50383","Tergeste",45.649,13.772,"187578","Scheidel",8,"45.649:13.772"
"583","50449","Thabraca",0,0,"no Pleiades ID yet","Scheidel",8,"0:0"
"585","50384","Thagaste",36.284,7.955,"315198","Scheidel",8,"36.284:7.955"
"586","50385","Thamugadi",35.485,6.468,"334636","Scheidel",8,"35.485:6.468"
"588","50386","Thebae",38.322,23.319,"541138","Scheidel",8,"38.322:23.319"
"589","50150","Thebai",25.702,32.652,"no Pleiades ID yet","Scheidel",8,"25.702:32.652"
"590","50387","Thelepte",34.979,8.595,"324828","Scheidel",8,"34.979:8.595"
"591","50388","Thelseai",33.648,36.665,"678427","Scheidel",6,"33.648:36.665"
"595","50389","Thessalonica",40.626,22.956,"491741","Scheidel",9,"40.626:22.956"
"596","50390","Theveste",35.407,8.121,"324831","Scheidel",8,"35.407:8.121"
"597","50391","Thuburnica",36.529,8.455,"315221","Scheidel",8,"36.529:8.455"
"598","50392","Tibiscum",45.459,22.186,"207495","Scheidel",8,"45.459:22.186"
"599","50393","Tibur",41.964,12.798,"423081","Scheidel",8,"41.964:12.798"
"600","50395","Ticinum",45.186,9.157,"383798","Scheidel",7,"45.186:9.157"
"602","50396","Tingi",35.788,-5.81,"275736","Scheidel",9,"35.788:-5.81"
"605","50398","Tolosa",43.604,1.443,"246694","Scheidel",8,"43.604:1.443"
"606","50399","Tomis",44.173,28.638,"217016","Scheidel",8,"44.173:28.638"
"607","50400","Tralles",37.853,27.844,"599987","Scheidel",8,"37.853:27.844"
"608","50401","Trapezus",41.003,39.718,"857359","Scheidel",8,"41.003:39.718"
"609","50402","Tridentum",46.067,11.119,"383804","Scheidel",8,"46.067:11.119"
"611","50403","Troesmis",45.164,28.189,"217025","Scheidel",8,"45.164:28.189"
"613","50394","Tubusuctu",36.669,4.828,"no Pleiades ID yet","Scheidel",8,"36.669:4.828"
"614","50404","Tyana",37.894,34.56,"648801","Scheidel",8,"37.894:34.56"
"616","50405","Tyrus",33.272,35.198,"678437","Scheidel",9,"33.272:35.198"
"618","50125","Ulpia Traiana Tricensimae",51.669,6.446,"108896","Scheidel",8,"51.669:6.446"
"619","50406","Valentia",44.93,4.89,"167718","Scheidel",8,"44.93:4.89"
"620","50407","Vappincum",44.56,6.076,"167954","Scheidel",7,"44.56:6.076"
"621","50408","Veldidena",47.254,11.4,"187608","Scheidel",6,"47.254:11.4"
"622","50409","Venonis",52.494,-1.301,"79732/","Scheidel",6,"52.494:-1.301"
"623","50412","Venta",51.063,-1.317,"no Pleiades ID yet","Scheidel",8,"51.063:-1.317"
"624","50411","Venta Icenorum",52.578,1.288,"79735/","Scheidel",8,"52.578:1.288"
"625","50410","Venusia",40.963,15.815,"no Pleiades ID yet","Scheidel",8,"40.963:15.815"
"626","50413","Vercellae",45.321,8.426,"383815","Scheidel",8,"45.321:8.426"
"627","50414","Verona",45.439,10.994,"383816","Scheidel",9,"45.439:10.994"
"628","50415","Verulamium",51.746,-0.355,"79739/","Scheidel",8,"51.746:-0.355"
"629","50416","Vesontio",47.241,6.025,"177657","Scheidel",8,"47.241:6.025"
"630","50433","Vesunna",0,0,"no Pleiades ID yet","Scheidel",8,"0:0"
"631","50417","Vibo Valentia",38.676,16.098,"452337","Scheidel",8,"38.676:16.098"
"632","50418","Vienna",45.525,4.879,"no Pleiades ID yet","Scheidel",9,"45.525:4.879"
"633","50419","Viminacium",44.716,21.167,"207549","Scheidel",8,"44.716:21.167"
"634","50420","Vindobona",48.211,16.374,"128537","Scheidel",8,"48.211:16.374"
"635","50421","Viroconium",52.67,-2.647,"79741/","Scheidel",8,"52.67:-2.647"
"636","50422","Virovesca",42.55,-3.323,"246748","Scheidel",7,"42.55:-3.323"
"637","50423","Virunum",46.703,14.36,"197583","Scheidel",9,"46.703:14.36"
"638","50424","Vivisco",46.459,6.847,"177663","Scheidel",6,"46.459:6.847"
"639","50425","Volsinii",42.645,11.986,"413389","Scheidel",8,"42.645:11.986"
"640","50426","Volubilis",34.084,-5.506,"275740","Scheidel",8,"34.084:-5.506"
"641","50434","Vorgium",0,0,"no Pleiades ID yet","Scheidel",7,"0:0"
"642","50441","Xanthos",0,0,"no Pleiades ID yet","Scheidel",8,"0:0"
"644","50427","Zarai",35.786,5.695,"334669","Scheidel",8,"35.786:5.695"
"645","50428","Zeugma",37.058,37.87,"658636","Scheidel",8,"37.058:37.87"
